orderkey,orderstatus,totalprice,clerk,custkey,c_name,c_address,c_phone,c_acctbal,mktsegment,linenumber,quantity,extendedprice,discount,returnflag,linestatus,shipdate,commitdate,shipinstruct,nationkey,n_name,n_comment
1001024,F,334614.37,Clerk#000000015,,,,,,,,,,,,,,,,,,
1001409,F,20355.02,Clerk#000000500,,,,,,,,,,,,,,,,,,
1001605,O,59781.15,Clerk#000000377,,,,,,,,,,,,,,,,,,
1001987,F,172648.36,Clerk#000000871,,,,,,,,,,,,,,,,,,
1002177,F,68991.83,Clerk#000000638,,,,,,,,,,,,,,,,,,
1002753,F,2330.74,Clerk#000000574,,,,,,,,,,,,,,,,,,
1003264,F,273846.15,Clerk#000000512,,,,,,,,,,,,,,,,,,
1004743,F,192513.73,Clerk#000000729,,,,,,,,,,,,,,,,,,
1005345,O,12920.85,Clerk#000000567,,,,,,,,,,,,,,,,,,
10054,O,87407.82,Clerk#000000093,,,,,,,,,,,,,,,,,,
1005476,O,14401.69,Clerk#000000224,,,,,,,,,,,,,,,,,,
1005572,O,24383.65,Clerk#000000144,,,,,,,,,,,,,,,,,,
1005794,F,43608.15,Clerk#000000715,,,,,,,,,,,,,,,,,,
1005892,O,209965.17,Clerk#000000566,,,,,,,,,,,,,,,,,,
1005925,O,234809.67,Clerk#000000025,,,,,,,,,,,,,,,,,,
1006308,F,115187.6,Clerk#000000324,,,,,,,,,,,,,,,,,,
1006497,F,177766.67,Clerk#000000693,,,,,,,,,,,,,,,,,,
1007139,O,358407.99,Clerk#000000158,,,,,,,3,19,35260.39,0.04,N,O,1996-12-16,1997-02-01,TAKE BACK RETURN,,,
1008039,O,101522.76,Clerk#000000297,,,,,,,,,,,,,,,,,,
1008546,O,163852.83,Clerk#000000832,,,,,,,,,,,,,,,,,,
1008864,F,182460.87,Clerk#000000850,,,,,,,,,,,,,,,,,,
1008867,F,59823.37,Clerk#000000850,,,,,,,,,,,,,,,,,,
1008934,O,84211.58,Clerk#000000233,,,,,,,,,,,,,,,,,,
1009765,O,203200.67,Clerk#000000044,,,,,,,,,,,,,,,,,,
1009826,F,4877.92,Clerk#000000400,,,,,,,,,,,,,,,,,,
1009888,O,53132.76,Clerk#000000581,,,,,,,,,,,,,,,,,,
100993,F,381510.53,Clerk#000000949,,,,,,,7,46,63865.94,0.0,R,F,1993-06-28,1993-09-09,DELIVER IN PERSON,,,
101088,O,83017.98,Clerk#000000792,,,,,,,,,,,,,,,,,,
1011778,F,286468.77,Clerk#000000144,,,,,,,,,,,,,,,,,,
1011783,F,226860.78,Clerk#000000765,,,,,,,,,,,,,,,,,,
1012353,F,259814.91,Clerk#000000694,,,,,,,,,,,,,,,,,,
101254,O,69317.53,Clerk#000000392,,,,,,,,,,,,,,,,,,
1012867,O,112763.01,Clerk#000000007,,,,,,,,,,,,,,,,,,
1012992,O,16964.1,Clerk#000000683,,,,,,,,,,,,,,,,,,
1013632,O,115298.74,Clerk#000000049,,,,,,,,,,,,,,,,,,
1013700,O,221732.3,Clerk#000000297,,,,,,,,,,,,,,,,,,
1014279,F,144789.53,Clerk#000000181,,,,,,,5,3,5738.7,0.01,A,F,1994-10-24,1994-11-09,DELIVER IN PERSON,,,
1014470,F,50088.29,Clerk#000000177,,,,,,,,,,,,,,,,,,
1015207,O,126554.26,Clerk#000000467,,,,,,,,,,,,,,,,,,
1015236,F,98134.87,Clerk#000000052,,,,,,,,,,,,,,,,,,
1015491,F,271316.2,Clerk#000000116,,,,,,,,,,,,,,,,,,
1016035,F,134245.75,Clerk#000000279,,,,,,,,,,,,,,,,,,
1016225,F,7587.43,Clerk#000000886,,,,,,,,,,,,,,,,,,
1016358,F,231651.4,Clerk#000000392,,,,,,,,,,,,,,,,,,
1016548,O,267636.19,Clerk#000000862,122395,Customer#000122395,"MgoPHd9ofKziodKA,G",28-726-392-1608,7449.06,FURNITURE,2,46,87077.54,0.02,N,O,1997-03-28,1997-01-17,NONE,18,CHINA,c dependencies. furiously express notornis sleep slyly regular accounts. ideas sleep. depos
1017056,O,50498.48,Clerk#000000614,,,,,,,,,,,,,,,,,,
1017091,F,384787.66,Clerk#000000240,,,,,,,,,,,,,,,,,,
1017216,F,122931.47,Clerk#000000531,,,,,,,,,,,,,,,,,,
1017638,O,259820.04,Clerk#000000445,,,,,,,,,,,,,,,,,,
1018048,O,11044.95,Clerk#000000012,,,,,,,1,7,11386.55,0.03,N,O,1998-01-17,1998-03-28,TAKE BACK RETURN,,,
1018119,F,235284.67,Clerk#000000518,,,,,,,,,,,,,,,,,,
1018535,O,124955.55,Clerk#000000063,,,,,,,,,,,,,,,,,,
101858,F,33404.59,Clerk#000000080,,,,,,,,,,,,,,,,,,
101863,O,77284.67,Clerk#000000723,,,,,,,,,,,,,,,,,,
1019297,O,173375.3,Clerk#000000090,,,,,,,,,,,,,,,,,,
1019394,O,255582.54,Clerk#000000660,,,,,,,,,,,,,,,,,,
1020032,F,164717.03,Clerk#000000040,,,,,,,,,,,,,,,,,,
1020581,O,131818.3,Clerk#000000967,,,,,,,,,,,,,,,,,,
1020643,F,16724.78,Clerk#000000306,,,,,,,,,,,,,,,,,,
1020646,F,86926.73,Clerk#000000668,,,,,,,,,,,,,,,,,,
1020897,O,110830.37,Clerk#000000929,,,,,,,1,19,23772.23,0.01,N,O,1997-06-02,1997-03-15,NONE,,,
1020998,F,245617.01,Clerk#000000919,,,,,,,,,,,,,,,,,,
1021382,F,103139.97,Clerk#000000516,,,,,,,1,33,58768.05,0.04,A,F,1995-05-11,1995-04-16,DELIVER IN PERSON,,,
1021605,F,133771.84,Clerk#000000589,,,,,,,,,,,,,,,,,,
1022278,O,196822.48,Clerk#000000715,,,,,,,,,,,,,,,,,,
1023104,O,124958.97,Clerk#000000062,,,,,,,,,,,,,,,,,,
1023654,O,75774.06,Clerk#000000393,,,,,,,,,,,,,,,,,,
1024452,O,149366.83,Clerk#000000319,,,,,,,,,,,,,,,,,,
1024612,O,161367.49,Clerk#000000303,,,,,,,,,,,,,,,,,,
1024900,F,172711.97,Clerk#000000100,,,,,,,,,,,,,,,,,,
1025281,O,333633.87,Clerk#000000163,,,,,,,,,,,,,,,,,,
1025474,F,162793.07,Clerk#000000991,,,,,,,,,,,,,,,,,,
1026022,O,188497.49,Clerk#000000432,,,,,,,,,,,,,,,,,,
1026246,O,6431.89,Clerk#000000605,,,,,,,,,,,,,,,,,,
1026599,F,98981.58,Clerk#000000973,,,,,,,,,,,,,,,,,,
1027105,P,162954.37,Clerk#000000796,,,,,,,,,,,,,,,,,,
1027750,O,49087.9,Clerk#000000345,,,,,,,,,,,,,,,,,,
1027781,F,168782.06,Clerk#000000353,,,,,,,,,,,,,,,,,,
1027876,F,144061.35,Clerk#000000684,,,,,,,,,,,,,,,,,,
1028192,O,18885.45,Clerk#000000928,,,,,,,,,,,,,,,,,,
102880,O,131192.54,Clerk#000000433,,,,,,,,,,,,,,,,,,
1029095,F,142363.62,Clerk#000000002,,,,,,,,,,,,,,,,,,
1029795,O,201838.78,Clerk#000000511,,,,,,,,,,,,,,,,,,
103011,F,133406.97,Clerk#000000361,,,,,,,,,,,,,,,,,,
1030112,F,190776.05,Clerk#000000357,,,,,,,,,,,,,,,,,,
1030561,F,142489.23,Clerk#000000780,,,,,,,,,,,,,,,,,,
1030694,P,78869.24,Clerk#000000866,,,,,,,,,,,,,,,,,,
1030726,O,207428.88,Clerk#000000658,,,,,,,,,,,,,,,,,,
1030849,O,258328.02,Clerk#000000808,,,,,,,,,,,,,,,,,,
1031232,O,249261.1,Clerk#000000651,,,,,,,,,,,,,,,,,,
1031297,O,209052.86,Clerk#000000594,,,,,,,,,,,,,,,,,,
103203,O,252920.35,Clerk#000000442,,,,,,,,,,,,,,,,,,
1032069,P,250696.63,Clerk#000000442,,,,,,,,,,,,,,,,,,
1032194,F,225771.04,Clerk#000000834,,,,,,,,,,,,,,,,,,
1032672,O,164010.64,Clerk#000000799,,,,,,,1,27,28811.97,0.09,N,O,1998-06-05,1998-07-18,NONE,,,
1032899,O,143173.25,Clerk#000000350,,,,,,,,,,,,,,,,,,
1033248,F,119999.96,Clerk#000000838,,,,,,,,,,,,,,,,,,
103329,O,223619.85,Clerk#000000214,,,,,,,,,,,,,,,,,,
1034405,O,405596.16,Clerk#000000131,,,,,,,,,,,,,,,,,,
1034627,F,216288.52,Clerk#000000007,,,,,,,,,,,,,,,,,,
1035014,O,100651.83,Clerk#000000161,,,,,,,,,,,,,,,,,,
1035015,F,330804.32,Clerk#000000567,,,,,,,,,,,,,,,,,,
1036769,P,94727.1,Clerk#000000897,,,,,,,,,,,,,,,,,,
1037280,F,222106.05,Clerk#000000634,,,,,,,,,,,,,,,,,,
1037318,F,145293.14,Clerk#000000979,,,,,,,,,,,,,,,,,,
1037376,O,99953.8,Clerk#000000374,,,,,,,,,,,,,,,,,,
103748,F,29290.01,Clerk#000000353,,,,,,,,,,,,,,,,,,
1037509,O,77329.72,Clerk#000000051,,,,,,,,,,,,,,,,,,
1037986,O,143770.49,Clerk#000000433,,,,,,,,,,,,,,,,,,
1038017,O,173802.95,Clerk#000000039,,,,,,,,,,,,,,,,,,
1038084,O,161299.4,Clerk#000000513,,,,,,,1,19,18601.19,0.07,N,O,1998-04-11,1998-04-04,NONE,,,
1038274,F,91904.54,Clerk#000000563,,,,,,,,,,,,,,,,,,
1038882,O,98726.21,Clerk#000000605,,,,,,,,,,,,,,,,,,
1039365,F,174446.73,Clerk#000000239,,,,,,,,,,,,,,,,,,
1039366,O,16066.05,Clerk#000000530,,,,,,,,,,,,,,,,,,
103941,F,53922.32,Clerk#000000457,,,,,,,,,,,,,,,,,,
1039584,F,202979.8,Clerk#000000060,,,,,,,,,,,,,,,,,,
1040678,F,116341.44,Clerk#000000381,,,,,,,,,,,,,,,,,,
1040865,F,329923.05,Clerk#000000476,,,,,,,,,,,,,,,,,,
1041088,F,145125.3,Clerk#000000993,,,,,,,,,,,,,,,,,,
1041572,O,78178.49,Clerk#000000278,,,,,,,,,,,,,,,,,,
104198,O,296416.84,Clerk#000000917,,,,,,,,,,,,,,,,,,
1042182,F,104804.21,Clerk#000000774,,,,,,,,,,,,,,,,,,
1043619,F,23157.01,Clerk#000000278,,,,,,,,,,,,,,,,,,
1043621,O,188135.16,Clerk#000000878,,,,,,,,,,,,,,,,,,
1043968,F,106220.1,Clerk#000000470,,,,,,,,,,,,,,,,,,
1044482,F,60357.07,Clerk#000000441,,,,,,,,,,,,,,,,,,
1044645,F,163812.23,Clerk#000000565,,,,,,,,,,,,,,,,,,
1044739,O,124392.78,Clerk#000000562,,,,,,,,,,,,,,,,,,
1044832,F,38431.21,Clerk#000000273,,,,,,,,,,,,,,,,,,
1045026,O,84169.95,Clerk#000000438,,,,,,,,,,,,,,,,,,
1045442,F,43861.73,Clerk#000000926,,,,,,,,,,,,,,,,,,
1045666,O,64644.64,Clerk#000000797,,,,,,,,,,,,,,,,,,
1045824,F,70762.17,Clerk#000000980,,,,,,,,,,,,,,,,,,
1046211,F,95179.05,Clerk#000000258,,,,,,,,,,,,,,,,,,
10466,F,136927.89,Clerk#000000899,,,,,,,,,,,,,,,,,,
1046727,O,275960.66,Clerk#000000639,,,,,,,,,,,,,,,,,,
1046757,F,304114.87,Clerk#000000552,,,,,,,,,,,,,,,,,,
1047268,F,116594.86,Clerk#000000635,,,,,,,,,,,,,,,,,,
1047424,O,157530.16,Clerk#000000638,,,,,,,,,,,,,,,,,,
1048195,O,152829.88,Clerk#000000247,,,,,,,,,,,,,,,,,,
1048290,O,179197.13,Clerk#000000155,,,,,,,,,,,,,,,,,,
104834,F,213637.38,Clerk#000000751,,,,,,,6,29,47026.69,0.06,A,F,1994-09-04,1994-08-27,NONE,,,
1048451,F,306617.82,Clerk#000000567,,,,,,,,,,,,,,,,,,
1048516,F,295459.76,Clerk#000000913,,,,,,,,,,,,,,,,,,
1048676,O,104169.87,Clerk#000000999,,,,,,,,,,,,,,,,,,
1049221,O,7149.32,Clerk#000000578,,,,,,,,,,,,,,,,,,
1049223,O,53814.11,Clerk#000000654,,,,,,,,,,,,,,,,,,
1049606,O,16223.87,Clerk#000000173,,,,,,,,,,,,,,,,,,
1049666,P,166200.6,Clerk#000000234,,,,,,,,,,,,,,,,,,
1050528,F,209819.1,Clerk#000000614,,,,,,,,,,,,,,,,,,
1050695,O,246582.54,Clerk#000000625,,,,,,,,,,,,,,,,,,
1050821,F,135345.39,Clerk#000000391,,,,,,,,,,,,,,,,,,
1051492,F,141755.87,Clerk#000000714,,,,,,,,,,,,,,,,,,
1051808,O,153319.06,Clerk#000000234,,,,,,,,,,,,,,,,,,
1051970,F,224032.45,Clerk#000000306,,,,,,,,,,,,,,,,,,
1051975,F,5459.73,Clerk#000000153,,,,,,,,,,,,,,,,,,
1052100,F,114948.29,Clerk#000000818,,,,,,,,,,,,,,,,,,
1052258,F,280206.83,Clerk#000000008,,,,,,,,,,,,,,,,,,
105316,F,75633.33,Clerk#000000944,,,,,,,,,,,,,,,,,,
1053190,O,143533.75,Clerk#000000535,,,,,,,,,,,,,,,,,,
1053575,O,36994.18,Clerk#000000412,,,,,,,,,,,,,,,,,,
1054146,O,320256.13,Clerk#000000866,,,,,,,,,,,,,,,,,,
105474,O,264231.7,Clerk#000000510,,,,,,,,,,,,,,,,,,
1054816,O,192247.79,Clerk#000000517,,,,,,,,,,,,,,,,,,
1054947,O,106095.63,Clerk#000000551,,,,,,,,,,,,,,,,,,
1055107,F,192607.57,Clerk#000000412,,,,,,,,,,,,,,,,,,
1055268,O,86937.85,Clerk#000000409,,,,,,,3,19,27157.65,0.02,N,O,1997-10-12,1997-08-29,NONE,,,
1055303,F,266978.48,Clerk#000000497,,,,,,,,,,,,,,,,,,
1055587,F,93106.62,Clerk#000000631,,,,,,,,,,,,,,,,,,
1055621,F,324785.2,Clerk#000000668,,,,,,,,,,,,,,,,,,
1055815,O,358976.05,Clerk#000000852,,,,,,,,,,,,,,,,,,
1057186,F,107662.39,Clerk#000000897,,,,,,,,,,,,,,,,,,
1057191,O,42432.64,Clerk#000000831,,,,,,,,,,,,,,,,,,
1057313,O,191951.98,Clerk#000000153,,,,,,,,,,,,,,,,,,
1057858,F,133839.65,Clerk#000000387,,,,,,,,,,,,,,,,,,
1058054,O,272371.01,Clerk#000000254,,,,,,,2,48,78697.92,0.04,N,O,1996-06-03,1996-07-29,NONE,,,
1058502,O,345154.61,Clerk#000000309,,,,,,,,,,,,,,,,,,
1058598,P,226949.62,Clerk#000000577,,,,,,,,,,,,,,,,,,
1058689,F,122121.78,Clerk#000000706,,,,,,,,,,,,,,,,,,
1060325,O,186648.7,Clerk#000000761,,,,,,,,,,,,,,,,,,
1060576,F,100802.51,Clerk#000000619,,,,,,,,,,,,,,,,,,
1061155,O,43251.68,Clerk#000000153,,,,,,,,,,,,,,,,,,
1061316,P,230133.92,Clerk#000000152,,,,,,,,,,,,,,,,,,
106147,O,186792.69,Clerk#000000834,,,,,,,,,,,,,,,,,,
1061636,O,221453.14,Clerk#000000217,,,,,,,,,,,,,,,,,,
1061664,F,332140.42,Clerk#000000338,,,,,,,,,,,,,,,,,,
1062371,F,172033.51,Clerk#000000705,,,,,,,,,,,,,,,,,,
1062432,O,143177.54,Clerk#000000119,,,,,,,,,,,,,,,,,,
1062532,F,331376.68,Clerk#000000540,,,,,,,,,,,,,,,,,,
1062663,F,61350.36,Clerk#000000905,,,,,,,,,,,,,,,,,,
106311,F,124626.1,Clerk#000000146,,,,,,,,,,,,,,,,,,
1063937,F,76614.44,Clerk#000000947,,,,,,,,,,,,,,,,,,
1063968,P,139708.62,Clerk#000000992,,,,,,,,,,,,,,,,,,
106406,O,96997.13,Clerk#000000579,,,,,,,,,,,,,,,,,,
1064193,O,41190.32,Clerk#000000786,,,,,,,,,,,,,,,,,,
1065409,F,51724.13,Clerk#000000538,,,,,,,,,,,,,,,,,,
1065538,F,126658.71,Clerk#000000723,,,,,,,,,,,,,,,,,,
1066051,O,22040.74,Clerk#000000535,,,,,,,,,,,,,,,,,,
1066435,O,135259.01,Clerk#000000227,,,,,,,,,,,,,,,,,,
1067877,O,250316.38,Clerk#000000818,,,,,,,,,,,,,,,,,,
1068195,O,128269.59,Clerk#000000717,,,,,,,,,,,,,,,,,,
1068736,O,117493.62,Clerk#000000904,,,,,,,,,,,,,,,,,,
1068898,O,245834.9,Clerk#000000626,,,,,,,,,,,,,,,,,,
1069635,F,38460.84,Clerk#000000690,,,,,,,,,,,,,,,,,,
1070432,O,99851.09,Clerk#000000841,,,,,,,,,,,,,,,,,,
1070565,F,51892.86,Clerk#000000906,,,,,,,,,,,,,,,,,,
1070659,F,172617.32,Clerk#000000328,,,,,,,,,,,,,,,,,,
1070822,F,90976.41,Clerk#000000592,,,,,,,,,,,,,,,,,,
1071204,O,109496.41,Clerk#000000219,,,,,,,,,,,,,,,,,,
107142,O,144601.16,Clerk#000000853,,,,,,,,,,,,,,,,,,
1071558,O,306649.49,Clerk#000000672,,,,,,,,,,,,,,,,,,
107205,O,109667.64,Clerk#000000181,,,,,,,,,,,,,,,,,,
1072995,O,168118.98,Clerk#000000064,91615,Customer#000091615,7tPBqg95p8GmZlNUmMEDyvKwM0X0,19-129-708-6289,4460.75,MACHINERY,1,1,1937.84,0.09,N,O,1997-05-31,1997-06-16,DELIVER IN PERSON,9,INDONESIA, slyly express asymptotes. regular deposits haggle slyly. carefully ironic hockey players sleep blithely. carefull
1073858,F,231047.0,Clerk#000000438,,,,,,,1,23,27972.6,0.01,A,F,1995-04-15,1995-03-24,COLLECT COD,,,
1074055,O,177896.06,Clerk#000000155,,,,,,,,,,,,,,,,,,
1074081,O,189072.82,Clerk#000000903,,,,,,,,,,,,,,,,,,
1074149,O,94485.99,Clerk#000000333,,,,,,,,,,,,,,,,,,
1074432,F,128212.52,Clerk#000000358,,,,,,,,,,,,,,,,,,
1075015,F,48667.51,Clerk#000000012,,,,,,,,,,,,,,,,,,
1075171,O,174625.88,Clerk#000000751,,,,,,,,,,,,,,,,,,
1076899,F,184063.4,Clerk#000000493,,,,,,,,,,,,,,,,,,
1077601,O,71785.91,Clerk#000000094,,,,,,,,,,,,,,,,,,
1077797,F,214020.32,Clerk#000000128,,,,,,,,,,,,,,,,,,
1077924,F,184831.19,Clerk#000000477,,,,,,,3,50,57207.5,0.04,R,F,1992-07-20,1992-08-22,TAKE BACK RETURN,,,
107814,O,212248.5,Clerk#000000331,,,,,,,,,,,,,,,,,,
1078181,O,117396.96,Clerk#000000122,71476,Customer#000071476,gQSnT7I075tg4aP5kV,25-108-810-6089,4518.68,BUILDING,,,,,,,,,,15,MOROCCO,rns. blithely bold courts among the closely regular packages use furiously bold platelets?
1078820,F,26174.34,Clerk#000000861,,,,,,,,,,,,,,,,,,
108000,F,170292.68,Clerk#000000371,,,,,,,,,,,,,,,,,,
1080227,P,114843.82,Clerk#000000651,,,,,,,,,,,,,,,,,,
1080451,F,14288.93,Clerk#000000931,,,,,,,,,,,,,,,,,,
1081126,O,218771.67,Clerk#000000715,,,,,,,,,,,,,,,,,,
1081185,F,157393.18,Clerk#000000657,,,,,,,,,,,,,,,,,,
1081442,O,61271.97,Clerk#000000104,,,,,,,,,,,,,,,,,,
1081477,F,173574.24,Clerk#000000243,,,,,,,,,,,,,,,,,,
1082017,F,156782.18,Clerk#000000645,,,,,,,,,,,,,,,,,,
1082084,O,255102.37,Clerk#000000738,,,,,,,,,,,,,,,,,,
10821,O,191014.69,Clerk#000000856,,,,,,,,,,,,,,,,,,
1082272,O,196910.51,Clerk#000000679,,,,,,,,,,,,,,,,,,
1082401,F,178971.04,Clerk#000000773,,,,,,,,,,,,,,,,,,
1082561,F,198650.47,Clerk#000000155,,,,,,,,,,,,,,,,,,
1082567,O,73689.09,Clerk#000000593,,,,,,,,,,,,,,,,,,
1083136,F,74290.59,Clerk#000000393,,,,,,,,,,,,,,,,,,
1083301,F,305796.27,Clerk#000000229,,,,,,,,,,,,,,,,,,
1083490,F,243246.32,Clerk#000000845,,,,,,,,,,,,,,,,,,
1084128,F,34844.77,Clerk#000000404,,,,,,,,,,,,,,,,,,
1084166,O,137924.11,Clerk#000000451,,,,,,,,,,,,,,,,,,
1086272,F,182944.94,Clerk#000000143,,,,,,,,,,,,,,,,,,
108645,O,85358.53,Clerk#000000703,,,,,,,,,,,,,,,,,,
1086818,F,39996.69,Clerk#000000529,,,,,,,,,,,,,,,,,,
1086915,P,109432.93,Clerk#000000700,,,,,,,,,,,,,,,,,,
1087046,O,226448.4,Clerk#000000969,,,,,,,,,,,,,,,,,,
1087843,F,143515.65,Clerk#000000806,,,,,,,,,,,,,,,,,,
1088642,F,144047.59,Clerk#000000674,,,,,,,,,,,,,,,,,,
108870,F,176155.5,Clerk#000000342,,,,,,,,,,,,,,,,,,
1088838,O,196672.4,Clerk#000000202,,,,,,,,,,,,,,,,,,
1089415,F,110938.22,Clerk#000000795,,,,,,,1,45,46441.35,0.01,R,F,1995-04-05,1995-03-16,NONE,,,
1089632,F,135149.27,Clerk#000000382,,,,,,,,,,,,,,,,,,
1090432,F,111762.86,Clerk#000000003,,,,,,,,,,,,,,,,,,
1091170,O,56861.21,Clerk#000000275,,,,,,,,,,,,,,,,,,
1091329,F,52782.72,Clerk#000000526,,,,,,,,,,,,,,,,,,
1091363,F,215431.25,Clerk#000000413,,,,,,,,,,,,,,,,,,
109153,F,59900.0,Clerk#000000853,,,,,,,,,,,,,,,,,,
1092128,O,33529.89,Clerk#000000745,,,,,,,,,,,,,,,,,,
1092257,O,62990.3,Clerk#000000097,,,,,,,,,,,,,,,,,,
1092262,O,64922.67,Clerk#000000832,,,,,,,,,,,,,,,,,,
1092293,F,326421.66,Clerk#000000694,,,,,,,,,,,,,,,,,,
1093031,F,305874.46,Clerk#000000815,,,,,,,,,,,,,,,,,,
1093923,O,156334.2,Clerk#000000921,,,,,,,,,,,,,,,,,,
1094688,O,95742.86,Clerk#000000254,,,,,,,,,,,,,,,,,,
1094756,O,4950.32,Clerk#000000373,,,,,,,,,,,,,,,,,,
1095298,O,42860.75,Clerk#000000428,,,,,,,,,,,,,,,,,,
1095429,O,26721.07,Clerk#000000591,,,,,,,,,,,,,,,,,,
1095682,O,145359.56,Clerk#000000612,,,,,,,,,,,,,,,,,,
1095872,F,91397.67,Clerk#000000098,,,,,,,,,,,,,,,,,,
109670,O,230619.07,Clerk#000000623,,,,,,,3,30,55557.3,0.03,N,O,1997-05-01,1997-06-20,DELIVER IN PERSON,,,
10981,F,266554.94,Clerk#000000341,,,,,,,,,,,,,,,,,,
1098304,F,67767.12,Clerk#000000212,,,,,,,,,,,,,,,,,,
1098374,F,6551.16,Clerk#000000460,,,,,,,,,,,,,,,,,,
109863,O,210223.0,Clerk#000000506,,,,,,,,,,,,,,,,,,
1098978,F,131677.29,Clerk#000000392,,,,,,,,,,,,,,,,,,
1099302,F,147117.58,Clerk#000000409,,,,,,,,,,,,,,,,,,
1099425,O,111304.23,Clerk#000000507,,,,,,,,,,,,,,,,,,
1099488,F,329603.22,Clerk#000000025,,,,,,,,,,,,,,,,,,
109956,O,256960.0,Clerk#000000352,,,,,,,,,,,,,,,,,,
109959,F,53570.33,Clerk#000000823,,,,,,,,,,,,,,,,,,
1100417,O,77803.31,Clerk#000000148,,,,,,,,,,,,,,,,,,
1100451,F,334168.43,Clerk#000000518,,,,,,,,,,,,,,,,,,
1100867,F,4594.95,Clerk#000000890,,,,,,,,,,,,,,,,,,
1100933,F,9577.24,Clerk#000000849,,,,,,,,,,,,,,,,,,
1101573,F,108787.79,Clerk#000000793,,,,,,,,,,,,,,,,,,
1101826,F,81605.34,Clerk#000000691,,,,,,,,,,,,,,,,,,
1102119,O,182606.15,Clerk#000000413,,,,,,,,,,,,,,,,,,
110279,O,219164.3,Clerk#000000686,,,,,,,,,,,,,,,,,,
1102946,F,248551.7,Clerk#000000426,,,,,,,,,,,,,,,,,,
1103079,O,102039.57,Clerk#000000001,,,,,,,,,,,,,,,,,,
1103171,O,227523.93,Clerk#000000914,,,,,,,,,,,,,,,,,,
1103974,F,218662.14,Clerk#000000644,,,,,,,,,,,,,,,,,,
1104196,F,374003.93,Clerk#000000574,,,,,,,6,46,90890.48,0.05,A,F,1994-05-23,1994-04-16,NONE,,,
1104224,F,212302.71,Clerk#000000740,,,,,,,,,,,,,,,,,,
1104228,F,75155.64,Clerk#000000320,,,,,,,,,,,,,,,,,,
1104325,O,42031.72,Clerk#000000147,,,,,,,,,,,,,,,,,,
1104513,F,129781.47,Clerk#000000394,,,,,,,,,,,,,,,,,,
1105125,F,14859.47,Clerk#000000117,,,,,,,,,,,,,,,,,,
1105348,F,100872.53,Clerk#000000436,,,,,,,,,,,,,,,,,,
1105798,F,226278.3,Clerk#000000651,,,,,,,,,,,,,,,,,,
110597,O,242901.26,Clerk#000000893,,,,,,,,,,,,,,,,,,
1106278,F,101687.78,Clerk#000000825,,,,,,,,,,,,,,,,,,
1106437,O,264171.97,Clerk#000000700,,,,,,,,,,,,,,,,,,
1107841,O,222721.29,Clerk#000000733,,,,,,,,,,,,,,,,,,
1107972,O,250193.58,Clerk#000000408,,,,,,,,,,,,,,,,,,
1108420,F,121139.03,Clerk#000000329,,,,,,,2,49,72734.62,0.01,R,F,1992-09-03,1992-07-11,COLLECT COD,,,
1109346,F,174385.15,Clerk#000000729,,,,,,,,,,,,,,,,,,
1110944,O,241542.33,Clerk#000000818,,,,,,,,,,,,,,,,,,
1111362,F,161885.34,Clerk#000000242,,,,,,,,,,,,,,,,,,
1111905,O,98434.98,Clerk#000000895,,,,,,,,,,,,,,,,,,
1112037,F,15985.32,Clerk#000000055,,,,,,,,,,,,,,,,,,
1112038,F,113382.71,Clerk#000000002,,,,,,,,,,,,,,,,,,
1112420,F,88984.67,Clerk#000000717,,,,,,,,,,,,,,,,,,
1112642,F,137124.71,Clerk#000000734,,,,,,,,,,,,,,,,,,
111269,F,22569.24,Clerk#000000667,,,,,,,,,,,,,,,,,,
1112834,F,150816.97,Clerk#000000264,,,,,,,,,,,,,,,,,,
1113061,F,132850.2,Clerk#000000270,,,,,,,,,,,,,,,,,,
1113633,O,151541.44,Clerk#000000927,,,,,,,1,42,56127.54,0.04,N,O,1998-03-09,1998-01-29,TAKE BACK RETURN,,,
1113765,O,236336.26,Clerk#000000749,,,,,,,,,,,,,,,,,,
1113793,O,142239.62,Clerk#000000532,,,,,,,,,,,,,,,,,,
1114690,O,143891.35,Clerk#000000433,,,,,,,,,,,,,,,,,,
1115008,F,302775.04,Clerk#000000345,,,,,,,,,,,,,,,,,,
1115045,F,146223.87,Clerk#000000360,,,,,,,,,,,,,,,,,,
1115682,O,178179.94,Clerk#000000734,,,,,,,,,,,,,,,,,,
1116993,F,73428.83,Clerk#000000996,,,,,,,,,,,,,,,,,,
1117344,O,131448.91,Clerk#000000724,,,,,,,,,,,,,,,,,,
1117697,F,304065.98,Clerk#000000298,,,,,,,,,,,,,,,,,,
1118116,F,92238.15,Clerk#000000072,,,,,,,,,,,,,,,,,,
111814,F,29608.72,Clerk#000000288,,,,,,,,,,,,,,,,,,
1118339,F,196779.96,Clerk#000000833,,,,,,,,,,,,,,,,,,
1118466,F,341563.05,Clerk#000000096,,,,,,,,,,,,,,,,,,
1118849,F,192203.01,Clerk#000000224,,,,,,,,,,,,,,,,,,
1119490,F,75259.01,Clerk#000000865,,,,,,,,,,,,,,,,,,
111969,O,46868.5,Clerk#000000206,,,,,,,,,,,,,,,,,,
1119845,F,357893.0,Clerk#000000302,,,,,,,,,,,,,,,,,,
112004,O,43559.1,Clerk#000000319,,,,,,,,,,,,,,,,,,
1120132,O,14170.58,Clerk#000000749,,,,,,,,,,,,,,,,,,
1120197,F,170962.3,Clerk#000000057,,,,,,,,,,,,,,,,,,
1120582,O,154491.91,Clerk#000000980,,,,,,,,,,,,,,,,,,
1120867,F,122956.84,Clerk#000000651,,,,,,,,,,,,,,,,,,
1121123,O,203618.69,Clerk#000000857,,,,,,,,,,,,,,,,,,
1121282,F,115138.25,Clerk#000000399,,,,,,,,,,,,,,,,,,
1121730,O,76187.68,Clerk#000000116,,,,,,,,,,,,,,,,,,
1122209,F,61911.24,Clerk#000000108,,,,,,,,,,,,,,,,,,
1122692,O,73280.83,Clerk#000000761,,,,,,,,,,,,,,,,,,
1122817,F,177222.16,Clerk#000000939,,,,,,,3,20,38237.4,0.02,A,F,1992-09-28,1992-09-25,TAKE BACK RETURN,,,
1122949,F,205980.37,Clerk#000000150,,,,,,,,,,,,,,,,,,
1123590,O,300124.47,Clerk#000000188,,,,,,,,,,,,,,,,,,
1123939,F,59844.95,Clerk#000000653,,,,,,,,,,,,,,,,,,
1123943,O,73498.6,Clerk#000000186,,,,,,,,,,,,,,,,,,
1124162,F,232922.86,Clerk#000000122,,,,,,,,,,,,,,,,,,
1124482,F,131251.38,Clerk#000000635,,,,,,,,,,,,,,,,,,
112487,O,147323.0,Clerk#000000709,,,,,,,,,,,,,,,,,,
1125890,O,204331.73,Clerk#000000198,,,,,,,,,,,,,,,,,,
1126176,F,247171.47,Clerk#000000501,,,,,,,,,,,,,,,,,,
1126180,F,43793.51,Clerk#000000509,,,,,,,,,,,,,,,,,,
1126211,F,280143.54,Clerk#000000943,,,,,,,,,,,,,,,,,,
1127458,P,151737.35,Clerk#000000149,,,,,,,,,,,,,,,,,,
1128384,F,213016.58,Clerk#000000572,,,,,,,,,,,,,,,,,,
1128576,O,287354.0,Clerk#000000358,,,,,,,,,,,,,,,,,,
112900,O,238348.05,Clerk#000000482,,,,,,,,,,,,,,,,,,
1129540,O,168379.74,Clerk#000000499,,,,,,,,,,,,,,,,,,
112960,O,287364.14,Clerk#000000177,,,,,,,,,,,,,,,,,,
1129760,P,151678.19,Clerk#000000541,141361,Customer#000141361,bKvoDg1sRT62c,12-163-164-5746,-671.77,FURNITURE,,,,,,,,,,2,BRAZIL,y alongside of the pending deposits. carefully special packages are about the ironic forges. slyly special 
1129891,F,161213.16,Clerk#000000788,,,,,,,,,,,,,,,,,,
1130055,O,145880.22,Clerk#000000304,,,,,,,,,,,,,,,,,,
1130176,F,56313.25,Clerk#000000330,,,,,,,,,,,,,,,,,,
1130630,O,57407.97,Clerk#000000950,,,,,,,,,,,,,,,,,,
1132454,O,127831.59,Clerk#000000616,,,,,,,,,,,,,,,,,,
1132549,O,60747.37,Clerk#000000908,,,,,,,,,,,,,,,,,,
1132673,O,22372.41,Clerk#000000331,,,,,,,,,,,,,,,,,,
1132932,F,165010.51,Clerk#000000145,,,,,,,,,,,,,,,,,,
1133030,O,327006.74,Clerk#000000064,,,,,,,,,,,,,,,,,,
1134177,F,47694.63,Clerk#000000393,,,,,,,,,,,,,,,,,,
1134946,F,143833.59,Clerk#000000789,,,,,,,,,,,,,,,,,,
1135234,F,12225.99,Clerk#000000836,,,,,,,,,,,,,,,,,,
1135298,F,49024.05,Clerk#000000055,,,,,,,,,,,,,,,,,,
1135431,O,231769.93,Clerk#000000929,,,,,,,,,,,,,,,,,,
1136258,O,81517.39,Clerk#000000936,,,,,,,,,,,,,,,,,,
1137638,F,135956.03,Clerk#000000317,,,,,,,,,,,,,,,,,,
113795,O,162096.79,Clerk#000000332,,,,,,,,,,,,,,,,,,
1138306,P,76894.63,Clerk#000000334,,,,,,,,,,,,,,,,,,
1139557,O,191067.31,Clerk#000000645,,,,,,,,,,,,,,,,,,
1139623,O,137820.9,Clerk#000000740,,,,,,,,,,,,,,,,,,
1140198,O,103251.83,Clerk#000000534,,,,,,,,,,,,,,,,,,
1141026,F,179303.19,Clerk#000000896,,,,,,,,,,,,,,,,,,
1141894,F,186473.72,Clerk#000000761,,,,,,,7,14,13818.84,0.09,A,F,1992-01-10,1992-04-07,NONE,,,
1141920,O,244327.19,Clerk#000000920,,,,,,,,,,,,,,,,,,
114276,F,184620.12,Clerk#000000992,,,,,,,,,,,,,,,,,,
1142881,F,120634.6,Clerk#000000244,,,,,,,,,,,,,,,,,,
1143332,O,138235.07,Clerk#000000683,,,,,,,,,,,,,,,,,,
1144101,F,176026.13,Clerk#000000994,,,,,,,,,,,,,,,,,,
114465,O,90435.34,Clerk#000000051,,,,,,,,,,,,,,,,,,
1144804,F,90505.92,Clerk#000000262,,,,,,,,,,,,,,,,,,
1144965,F,163891.41,Clerk#000000281,,,,,,,,,,,,,,,,,,
1145318,O,193212.55,Clerk#000000186,,,,,,,,,,,,,,,,,,
1145666,O,315313.19,Clerk#000000463,,,,,,,,,,,,,,,,,,
1145798,O,205189.59,Clerk#000000738,,,,,,,,,,,,,,,,,,
1145957,O,195863.41,Clerk#000000008,,,,,,,,,,,,,,,,,,
1145984,O,225369.26,Clerk#000000568,,,,,,,,,,,,,,,,,,
1146149,F,145303.6,Clerk#000000072,,,,,,,,,,,,,,,,,,
1146241,O,134044.44,Clerk#000000195,,,,,,,6,9,11964.15,0.08,N,O,1995-09-24,1995-10-27,DELIVER IN PERSON,,,
1147074,O,83320.47,Clerk#000000685,,,,,,,,,,,,,,,,,,
1147236,O,83544.86,Clerk#000000470,,,,,,,,,,,,,,,,,,
1147270,F,124756.17,Clerk#000000225,,,,,,,,,,,,,,,,,,
1147303,O,18564.47,Clerk#000000308,,,,,,,,,,,,,,,,,,
1147490,O,49990.69,Clerk#000000840,,,,,,,,,,,,,,,,,,
1148706,O,91852.01,Clerk#000000888,,,,,,,,,,,,,,,,,,
1149122,O,72619.93,Clerk#000000944,,,,,,,,,,,,,,,,,,
1149541,O,147754.68,Clerk#000000427,,,,,,,,,,,,,,,,,,
1149829,O,285644.17,Clerk#000000582,,,,,,,,,,,,,,,,,,
1149895,O,33313.74,Clerk#000000763,,,,,,,,,,,,,,,,,,
1150723,O,302519.32,Clerk#000000071,,,,,,,,,,,,,,,,,,
115075,F,186857.27,Clerk#000000895,,,,,,,,,,,,,,,,,,
1151078,O,209128.56,Clerk#000000751,,,,,,,,,,,,,,,,,,
1152224,O,329552.55,Clerk#000000100,,,,,,,,,,,,,,,,,,
115232,O,20618.35,Clerk#000000361,,,,,,,,,,,,,,,,,,
1152583,O,78573.09,Clerk#000000217,,,,,,,,,,,,,,,,,,
1152807,O,167341.23,Clerk#000000269,,,,,,,,,,,,,,,,,,
1153025,F,110607.7,Clerk#000000950,,,,,,,5,16,24728.96,0.05,A,F,1993-12-31,1994-02-19,NONE,,,
115328,F,206554.72,Clerk#000000913,,,,,,,,,,,,,,,,,,
1153540,O,383570.33,Clerk#000000753,,,,,,,,,,,,,,,,,,
1154053,O,175152.37,Clerk#000000272,,,,,,,,,,,,,,,,,,
11552,F,30092.4,Clerk#000000960,,,,,,,,,,,,,,,,,,
115523,F,367352.75,Clerk#000000262,,,,,,,,,,,,,,,,,,
1155365,F,65585.06,Clerk#000000545,,,,,,,,,,,,,,,,,,
1155682,F,130816.15,Clerk#000000996,,,,,,,,,,,,,,,,,,
1155781,O,157642.07,Clerk#000000908,,,,,,,,,,,,,,,,,,
1155872,O,119325.28,Clerk#000000523,,,,,,,,,,,,,,,,,,
1156289,F,165884.57,Clerk#000000128,,,,,,,,,,,,,,,,,,
1156391,O,37046.32,Clerk#000000619,,,,,,,,,,,,,,,,,,
1156930,F,82219.01,Clerk#000000295,,,,,,,,,,,,,,,,,,
1156996,O,169579.56,Clerk#000000217,,,,,,,,,,,,,,,,,,
1157281,F,84877.21,Clerk#000000330,,,,,,,,,,,,,,,,,,
1157316,O,219759.11,Clerk#000000095,,,,,,,,,,,,,,,,,,
115751,O,257827.77,Clerk#000000425,20072,Customer#000020072,rJgwmlvd8N3 rea,31-944-768-4169,3942.69,BUILDING,,,,,,,,,,21,VIETNAM,"hely enticingly express accounts. even, final "
1157637,O,186577.19,Clerk#000000650,,,,,,,,,,,,,,,,,,
1158307,O,105227.54,Clerk#000000760,,,,,,,,,,,,,,,,,,
1158598,F,152237.79,Clerk#000000087,,,,,,,,,,,,,,,,,,
1158977,F,70252.2,Clerk#000000829,,,,,,,,,,,,,,,,,,
1159302,F,191290.96,Clerk#000000615,,,,,,,,,,,,,,,,,,
1159552,F,145233.94,Clerk#000000951,,,,,,,,,,,,,,,,,,
1159876,F,76167.75,Clerk#000000362,,,,,,,2,19,36289.81,0.02,A,F,1993-01-13,1993-01-13,NONE,,,
1159906,O,221042.63,Clerk#000000280,,,,,,,,,,,,,,,,,,
1160580,F,136127.5,Clerk#000000202,,,,,,,,,,,,,,,,,,
1160677,F,291786.81,Clerk#000000792,,,,,,,,,,,,,,,,,,
1160768,O,294951.98,Clerk#000000594,,,,,,,,,,,,,,,,,,
1161222,F,67570.59,Clerk#000000646,,,,,,,,,,,,,,,,,,
116199,F,297297.3,Clerk#000000187,,,,,,,,,,,,,,,,,,
1162562,O,50038.02,Clerk#000000263,,,,,,,,,,,,,,,,,,
1163013,O,193210.2,Clerk#000000369,,,,,,,,,,,,,,,,,,
1163106,O,154708.99,Clerk#000000486,,,,,,,,,,,,,,,,,,
1163686,O,38077.72,Clerk#000000534,,,,,,,,,,,,,,,,,,
1164000,O,193863.07,Clerk#000000022,,,,,,,,,,,,,,,,,,
1164098,O,125069.32,Clerk#000000440,,,,,,,,,,,,,,,,,,
116417,F,138983.71,Clerk#000000337,,,,,,,,,,,,,,,,,,
1165250,O,270528.02,Clerk#000000707,,,,,,,,,,,,,,,,,,
116581,O,94080.29,Clerk#000000592,,,,,,,,,,,,,,,,,,
1165861,O,292340.86,Clerk#000000158,,,,,,,,,,,,,,,,,,
1165926,O,204532.53,Clerk#000000625,,,,,,,,,,,,,,,,,,
1166052,F,104740.15,Clerk#000000934,,,,,,,,,,,,,,,,,,
1166275,O,240571.49,Clerk#000000131,,,,,,,,,,,,,,,,,,
1166502,F,126932.21,Clerk#000000837,,,,,,,,,,,,,,,,,,
1167490,O,14543.52,Clerk#000000791,,,,,,,,,,,,,,,,,,
1168068,F,159185.55,Clerk#000000748,,,,,,,,,,,,,,,,,,
1168132,F,205808.39,Clerk#000000199,,,,,,,,,,,,,,,,,,
1168326,F,214401.83,Clerk#000000301,,,,,,,,,,,,,,,,,,
1169123,O,255680.12,Clerk#000000241,,,,,,,,,,,,,,,,,,
1169575,O,80225.78,Clerk#000000967,,,,,,,,,,,,,,,,,,
1169603,O,23097.21,Clerk#000000639,,,,,,,,,,,,,,,,,,
1169924,F,229205.28,Clerk#000000848,,,,,,,,,,,,,,,,,,
1169958,O,128938.81,Clerk#000000181,,,,,,,,,,,,,,,,,,
1169986,O,50059.23,Clerk#000000157,,,,,,,,,,,,,,,,,,
1170370,F,97105.85,Clerk#000000699,,,,,,,,,,,,,,,,,,
1171111,O,137324.47,Clerk#000000604,,,,,,,,,,,,,,,,,,
1171234,O,72986.41,Clerk#000000138,,,,,,,,,,,,,,,,,,
1172197,F,177613.04,Clerk#000000896,,,,,,,2,18,24882.66,0.0,R,F,1995-01-16,1995-01-09,NONE,,,
1172801,F,13882.64,Clerk#000000296,,,,,,,,,,,,,,,,,,
1172871,F,3171.62,Clerk#000000374,,,,,,,,,,,,,,,,,,
1173732,O,139699.92,Clerk#000000937,,,,,,,,,,,,,,,,,,
1174373,F,8334.36,Clerk#000000618,,,,,,,,,,,,,,,,,,
1174433,F,204387.32,Clerk#000000310,,,,,,,,,,,,,,,,,,
1174434,F,42614.29,Clerk#000000552,,,,,,,,,,,,,,,,,,
1176102,O,32310.61,Clerk#000000035,,,,,,,,,,,,,,,,,,
1176228,O,78350.17,Clerk#000000806,,,,,,,,,,,,,,,,,,
1176646,F,43906.08,Clerk#000000915,,,,,,,,,,,,,,,,,,
1176929,F,371329.66,Clerk#000000240,,,,,,,,,,,,,,,,,,
1177127,F,112897.83,Clerk#000000468,,,,,,,,,,,,,,,,,,
1177573,F,115410.54,Clerk#000000425,,,,,,,,,,,,,,,,,,
1177889,O,351223.91,Clerk#000000515,,,,,,,,,,,,,,,,,,
1179078,O,88318.81,Clerk#000000003,,,,,,,,,,,,,,,,,,
1179719,O,231025.38,Clerk#000000507,,,,,,,,,,,,,,,,,,
1179746,O,218497.01,Clerk#000000818,,,,,,,,,,,,,,,,,,
118049,O,114677.71,Clerk#000000284,,,,,,,,,,,,,,,,,,
